"","MSEofTree","MAEofTree","MAPEofTree"
"1",2603.95782674921,36.0156966862535,0.379748471739917
