"","RMSEofNN","MSEofNN","MAEofNN","MAPEofNN"
"1",66.6873593328389,4447.20389478717,45.5778308819779,43.9761294848245
